chr	location	rsid	refalt	gene	feature	nearest_exon_distance
chr1	97078987	rs114096998	G>T	DPYD	exon_23	
chr1	97078993	rs148799944	C>G	DPYD	exon_23	
chr1	97079005	rs140114515	C>T	DPYD	exon_23	
chr1	97079071	rs1801268	C>A	DPYD	exon_23	
chr1	97079076	rs139459586	A>C	DPYD	exon_23	
chr1	97079077	rs202144771	G>A	DPYD	exon_23	
chr1	97079121	rs72547601	T>C	DPYD	exon_23	
chr1	97079133	rs72547602	T>A	DPYD	exon_23	
chr1	97079139	rs145529148	T>C	DPYD	exon_23	
chr1	97082365	rs141044036	T>C	DPYD	exon_22	
chr1	97082391	rs67376798	T>A	DPYD	exon_22	
chr1	97098598	rs1801267	C>T	DPYD	exon_21	
chr1	97098599	rs147545709	G>A	DPYD	exon_21	
chr1	97098616	rs55674432	C>A	DPYD	exon_21	
chr1	97098632	rs201035051	T>G	DPYD	exon_21	
chr1	97193109	rs60139309	T>C	DPYD	exon_20	
chr1	97193209	rs200687447	C>T	DPYD	exon_20	
chr1	97234958	rs199634007	G>T	DPYD	exon_19	
chr1	97234991	rs56005131	G>T	DPYD	exon_19	
chr1	97305279	rs112766203	G>A	DPYD	exon_18	
chr1	97305363	rs60511679	A>C	DPYD	exon_18	
chr1	97305364	rs1801160	C>T	DPYD	exon_18	
chr1	97305372	rs146529561	G>A	DPYD	exon_18	
chr1	97306195	rs145548112	C>T	DPYD	exon_17	
chr1	97373598	rs137999090	C>T	DPYD	exon_16	
chr1	97373629	rs138545885	C>A	DPYD	exon_16	
chr1	97382461	rs55971861	T>G	DPYD	exon_15	
chr1	97450058	rs3918290	C>T	DPYD	intron_9	1
chr1	97450059	rs3918289	G>C	DPYD	exon_14	
chr1	97450065	rs72549303	TG>T	DPYD	exon_14	
chr1	97450068	rs17376848	A>G	DPYD	exon_14	
chr1	97450168	rs147601618	A>G	DPYD	exon_14	
chr1	97450187	rs145773863	C>T	DPYD	exon_14	
chr1	97450189	rs138616379	C>T	DPYD	exon_14	
chr1	97450190	rs59086055	G>A	DPYD	exon_14	
chr1	97515784	rs201615754	C>A	DPYD	exon_13	
chr1	97515787	rs55886062	A>C	DPYD	exon_13	
chr1	97515839	rs1801159	T>C	DPYD	exon_13	
chr1	97515851	rs142619737	C>T	DPYD	exon_13	
chr1	97515865	rs1801158	C>T	DPYD	exon_13	
chr1	97515889	rs190951787	G>C	DPYD	exon_13	
chr1	97515923	rs148994843	C>T	DPYD	exon_13	
chr1	97549565	rs138391898	C>T	DPYD	exon_12	
chr1	97549600	rs111858276	T>C	DPYD	exon_12	
chr1	97549609	rs72549304	G>A	DPYD	exon_12	
chr1	97549681	rs199549923	G>T	DPYD	exon_12	
chr1	97549713	rs57918000	G>A	DPYD	exon_12	
chr1	97549726	rs144395748	G>C	DPYD	exon_12	
chr1	97549735	rs72975710	G>A	DPYD	exon_12	
chr1	97573785	rs186169810	A>C	DPYD	exon_11	
chr1	97573805	rs142512579	C>T	DPYD	exon_11	
chr1	97573821	rs764666241	C>A	DPYD	exon_11	
chr1	97573839	rs200064537	A>T	DPYD	exon_11	
chr1	97573863	rs56038477	C>T	DPYD	exon_11	
chr1	97573881	rs61622928	C>T	DPYD	exon_11	
chr1	97573918	rs143815742	C>A	DPYD	exon_11	
chr1	97573919	rs140602333	G>A	DPYD	exon_11	
chr1	97573943	rs78060119	C>A	DPYD	exon_11	
chr1	97579893	rs75017182	G>C	DPYD	intron_13	5923
chr1	97593238	rs72549305	T>C	DPYD	exon_10	
chr1	97593289	rs143154602	G>A	DPYD	exon_10	
chr1	97593322	rs183385770	C>T	DPYD	exon_10	
chr1	97593343	rs72549306	C>A	DPYD	exon_10	
chr1	97593379	rs201018345	C>T	DPYD	exon_10	
chr1	97595083	rs145112791	G>A	DPYD	exon_9	
chr1	97595088	rs150437414	A>G	DPYD	exon_9	
chr1	97595149	rs146356975	T>C	DPYD	exon_9	
chr1	97679170	rs45589337	T>C	DPYD	exon_8	
chr1	97691776	rs1801266	G>A	DPYD	exon_7	
chr1	97699399	rs72549307	T>C	DPYD	exon_6	
chr1	97699430	rs72549308	T>G	DPYD	exon_6	
chr1	97699474	rs115232898	T>C	DPYD	exon_6	
chr1	97699506	rs6670886	C>T	DPYD	exon_6	
chr1	97699533	rs139834141	C>T	DPYD	exon_6	
chr1	97699535	rs2297595	T>C	DPYD	exon_6	
chr1	97721542	rs200562975	T>C	DPYD	exon_5	
chr1	97721650	rs141462178	T>C	DPYD	exon_5	
chr1	97740400	rs150385342	C>T	DPYD	exon_4	
chr1	97740410	rs72549309	GATGA>G	DPYD	exon_4	
chr1	97883329	rs1801265	A>G	DPYD	exon_2	
chr1	97883352	rs80081766	C>T	DPYD	exon_2	
chr1	97883353	rs72549310	G>A	DPYD	exon_2	
chr1	97883368	rs150036960	G>C	DPYD	exon_2	
chr1	169549811	rs6025	C>T	F5	exon_10	
chr1	201060815	rs1800559	C>T	CACNA1S	exon_26	
chr1	201091993	rs772226819	G>A	CACNA1S	exon_4	
chr2	233759924	rs887829	C>T	UGT1A1	NA	
chr2	233760233	rs3064744	CAT>C,CATAT,CATATAT	UGT1A1	NA	
chr2	233760498	rs4148323	G>A	UGT1A1	exon_1	
chr2	233760973	rs35350960	C>A	UGT1A1	exon_1	
chr4	88131171	rs2231142	G>T	ABCG2	exon_5	
chr6	18130687	rs1142345	T>C,G	TPMT	exon_9	
chr6	18130694	rs150900439	T>C	TPMT	exon_9	
chr6	18130725	rs72552736	A>C	TPMT	exon_9	
chr6	18130729	rs139392616	C>T	TPMT	exon_9	
chr6	18130730	rs761990479	G>A	TPMT	exon_9	
chr6	18130758	rs398122996	A>T	TPMT	exon_9	
chr6	18130762	rs56161402	C>T	TPMT	exon_9	
chr6	18130772	rs377085266	A>G	TPMT	exon_9	
chr6	18130781	rs1800584	C>T	TPMT	intron_1	1
chr6	18132136	rs72556347	A>G	TPMT	exon_8	
chr6	18132147	rs79901429	A>G	TPMT	exon_8	
chr6	18132163	.	C>T	TPMT	exon_8	
chr6	18133845	rs75543815	T>A	TPMT	exon_7	
chr6	18133847	rs6921269	C>A	TPMT	exon_7	
chr6	18133870	rs772832951	A>G	TPMT	exon_7	
chr6	18133884	rs74423290	G>C	TPMT	exon_7	
chr6	18133887	rs201695576	T>C	TPMT	exon_7	
chr6	18133890	rs9333570	C>T	TPMT	intron_3	1
chr6	18138969	rs144041067	C>G,T	TPMT	exon_6	
chr6	18138970	rs112339338	G>A	TPMT	exon_6	
chr6	18138997	rs1800460	C>T	TPMT	exon_6	
chr6	18139027	rs72552737	C>G	TPMT	exon_6	
chr6	18139689	rs72552738	C>T	TPMT	exon_5	
chr6	18139710	rs200220210	G>A	TPMT	exon_5	
chr6	18143597	.	T>G	TPMT	exon_4	
chr6	18143606	rs151149760	T>G	TPMT	exon_4	
chr6	18143613	.	C>G	TPMT	exon_4	
chr6	18143622	rs115106679	C>T	TPMT	exon_4	
chr6	18143643	.	A>C	TPMT	exon_4	
chr6	18143700	rs753545734	C>T	TPMT	exon_4	
chr6	18143718	rs111901354	G>A	TPMT	exon_4	
chr6	18143724	rs1800462	C>G	TPMT	exon_4	
chr6	18143728	rs1256618794	C>A	TPMT	exon_4	
chr6	18147838	rs281874771	G>A	TPMT	exon_3	
chr6	18147845	rs777686348	C>T	TPMT	exon_3	
chr6	18147851	rs200591577	G>C	TPMT	exon_3	
chr6	18147856	.	A>G	TPMT	exon_3	
chr6	18147910	rs72552740	A>G	TPMT	exon_3	
chr6	18149004	.	G>C	TPMT	exon_2	
chr6	18149022	rs750424422	C>T	TPMT	exon_2	
chr6	18149032	rs759836180	C>CT	TPMT	exon_2	
chr6	18149045	rs72552742	T>A	TPMT	exon_2	
chr6	18149103	.	CAAGT>C	TPMT	exon_2	
chr6	18149126	rs267607275	A>G	TPMT	exon_2	
chr6	18149127	rs9333569	T>C	TPMT	exon_2	
chr7	99652770	rs41303343	T>TA	CYP3A5	exon_11	
chr7	99660516	rs28383479	C>T	CYP3A5	exon_10	
chr7	99665212	rs10264272	C>T	CYP3A5	exon_7	
chr7	99672916	rs776746	T>C	CYP3A5	intron_10	237
chr7	99676198	rs55817950	G>A	CYP3A5	exon_2	
chr7	99758183	rs67666821	G>GT	CYP3A4	exon_13	
chr7	99758228	rs1584538410	T>A	CYP3A4	exon_13	
chr7	99760836	rs4986913	G>A	CYP3A4	exon_12	
chr7	99760901	rs4986910	A>G	CYP3A4	exon_12	
chr7	99760956	rs774109750	T>C	CYP3A4	exon_12	
chr7	99762047	rs4986909	G>A	CYP3A4	exon_11	
chr7	99762054	.	A>T	CYP3A4	exon_11	
chr7	99762069	.	T>G	CYP3A4	exon_11	
chr7	99762177	rs12721629	G>A	CYP3A4	exon_11	
chr7	99762186	rs756833413	C>A	CYP3A4	exon_11	
chr7	99762206	rs67784355	G>A	CYP3A4	exon_11	
chr7	99762234	rs1318364992	C>T	CYP3A4	exon_11	
chr7	99763877	rs368296206	A>G	CYP3A4	exon_10	
chr7	99763909	rs1303250043	G>T	CYP3A4	exon_10	
chr7	99763925	rs201821708	T>C	CYP3A4	exon_10	
chr7	99764003	rs28371759	A>G	CYP3A4	exon_10	
chr7	99766411	rs4646438	G>GT	CYP3A4	exon_9	
chr7	99766424	rs1429705359	T>C	CYP3A4	exon_9	
chr7	99766439	rs145582851	C>T	CYP3A4	exon_9	
chr7	99766440	rs138105638	G>A	CYP3A4	exon_9	
chr7	99768360	rs55785340	A>G	CYP3A4	exon_7	
chr7	99768371	rs55901263	G>C	CYP3A4	exon_7	
chr7	99768424	rs113667357	T>A	CYP3A4	exon_7	
chr7	99768447	rs3208361	T>C	CYP3A4	exon_7	
chr7	99768458	rs4987161	A>G	CYP3A4	exon_7	
chr7	99768470	rs12721627	G>C	CYP3A4	exon_7	
chr7	99768693	rs35599367	G>A	CYP3A4	intron_7	191
chr7	99769769	rs4986908	C>G	CYP3A4	exon_6	
chr7	99769781	rs72552798	C>T	CYP3A4	exon_6	
chr7	99769804	rs4986907	C>T	CYP3A4	exon_6	
chr7	99769805	rs57409622	G>A	CYP3A4	exon_6	
chr7	99770150	rs1483230173	G>A	CYP3A4	exon_5	
chr7	99770165	rs72552799	C>T	CYP3A4	exon_5	
chr7	99770166	rs778013004	G>A	CYP3A4	exon_5	
chr7	99770196	rs2485889420	T>C	CYP3A4	exon_5	
chr7	99770202	rs55951658	T>C	CYP3A4	exon_5	
chr7	99770217	rs1449865051	A>T	CYP3A4	exon_5	
chr7	99778079	rs56324128	C>T	CYP3A4	exon_3	
chr7	99780036	rs2485908963	G>A	CYP3A4	exon_2	
chr7	99784018	rs570051168	G>C	CYP3A4	exon_1	
chr7	99784038	rs12721634	A>G	CYP3A4	exon_1	
chr7	99784075	rs188389063	G>C	CYP3A4	exon_1	
chr7	99784078	rs1226205448	C>T	CYP3A4	exon_1	
chr7	117509035	rs397508256	G>A	CFTR	exon_3	
chr7	117509069	rs368505753	C>T	CFTR	exon_3	
chr7	117509089	rs115545701	C>T	CFTR	exon_3	
chr7	117509093	rs1800076	G>A	CFTR	exon_3	
chr7	117530953	rs113993958	G>C	CFTR	exon_4	
chr7	117530955	rs397508537	C>A	CFTR	exon_4	
chr7	117530974	rs77834169	C>G,T	CFTR	exon_4	
chr7	117530975	rs78655421	G>A,C,T	CFTR	exon_4	
chr7	117530983	rs201958172	G>A	CFTR	exon_4	
chr7	117531068	rs35516286	T>C	CFTR	exon_4	
chr7	117531079	rs397508721	A>G	CFTR	exon_4	
chr7	117534295	rs1800079	G>A	CFTR	exon_5	
chr7	117534309	rs397508744	A>G	CFTR	exon_5	
chr7	117534318	rs80282562	G>A	CFTR	exon_5	
chr7	117534319	rs397508748	G>A	CFTR	exon_5	
chr7	117534361	rs397508758	A>G	CFTR	exon_5	
chr7	117534363	rs397508759	G>A	CFTR	exon_5	
chr7	117534368	rs397508761	A>G	CFTR	intron_5	3
chr7	117535248	rs376008630	G>A,C	CFTR	exon_6	
chr7	117535285	rs121908752	T>G	CFTR	exon_6	
chr7	117535363	rs397508783	T>A	CFTR	exon_6	
chr7	117535369	rs769016520	C>A	CFTR	exon_6	
chr7	117535377	rs397508784	C>G	CFTR	exon_6	
chr7	117535379	rs397508785	G>C	CFTR	exon_6	
chr7	117540156	.	CCTT>C	CFTR	exon_8	
chr7	117540161	rs2116683801	T>C	CFTR	exon_8	
chr7	117540171	rs75763344	G>A	CFTR	exon_8	
chr7	117540188	rs144476686	T>G	CFTR	exon_8	
chr7	117540243	rs77409459	C>T	CFTR	exon_8	
chr7	117540270	rs77932196	G>A,T	CFTR	exon_8	
chr7	117540276	rs121909021	C>T	CFTR	exon_8	
chr7	117540285	rs121908753	G>A	CFTR	exon_8	
chr7	117540306	rs397508153	A>G	CFTR	exon_8	
chr7	117548795	rs74551128	C>A	CFTR	exon_10	
chr7	117559594	rs74571530	T>C	CFTR	exon_11	
chr7	117587799	rs121908757	A>C	CFTR	exon_12	
chr7	117587800	rs121908755	G>A	CFTR	exon_12	
chr7	117587801	rs121909005	T>G	CFTR	exon_12	
chr7	117587805	rs121909013	G>A	CFTR	exon_12	
chr7	117587806	rs75527207	G>A	CFTR	exon_12	
chr7	117587812	rs121909044	G>A	CFTR	exon_12	
chr7	117590357	rs1800097	G>A	CFTR	exon_13	
chr7	117590400	rs1800098	G>C	CFTR	exon_13	
chr7	117590409	rs397508288	A>G	CFTR	exon_13	
chr7	117590439	rs397508300	G>A	CFTR	exon_13	
chr7	117592169	rs1800100	C>T	CFTR	exon_14	
chr7	117592377	rs186089140	C>T	CFTR	exon_14	
chr7	117592427	rs150157202	G>A	CFTR	exon_14	
chr7	117592541	rs145449046	C>G	CFTR	exon_14	
chr7	117592588	rs1800103	A>G	CFTR	exon_14	
chr7	117592631	rs397508378	G>A	CFTR	exon_14	
chr7	117594930	rs397508387	G>T	CFTR	exon_15	
chr7	117602868	rs80224560	G>A	CFTR	intron_16	5
chr7	117603644	rs201759207	G>A	CFTR	exon_17	
chr7	117603671	rs397508436	A>G	CFTR	exon_17	
chr7	117603690	rs397508440	A>G	CFTR	exon_17	
chr7	117603708	rs397508442	C>T	CFTR	exon_17	
chr7	117603729	rs142773283	T>C	CFTR	exon_17	
chr7	117603730	rs151048781	G>A,C,T	CFTR	exon_17	
chr7	117603774	rs1800110	T>C	CFTR	exon_17	
chr7	117606674	rs386134230	G>A	CFTR	exon_18	
chr7	117606695	rs141033578	C>T	CFTR	exon_18	
chr7	117610521	rs1800111	G>C,T	CFTR	exon_19	
chr7	117610571	rs149279509	A>G	CFTR	exon_19	
chr7	117610610	rs1800112	T>C	CFTR	exon_19	
chr7	117610625	rs144055758	A>G	CFTR	exon_19	
chr7	117611555	rs76151804	A>G	CFTR	intron_19	26
chr7	117611595	rs150212784	T>G	CFTR	exon_20	
chr7	117611599	rs140883683	C>T	CFTR	exon_20	
chr7	117611620	rs397508513	A>C	CFTR	exon_20	
chr7	117611640	rs121909020	G>A	CFTR	exon_20	
chr7	117611646	rs200321110	G>A	CFTR	exon_20	
chr7	117611649	rs202179988	C>T	CFTR	exon_20	
chr7	117611650	rs78769542	G>A	CFTR	exon_20	
chr7	117611663	rs186045772	T>A	CFTR	exon_20	
chr7	117614660	rs397508556	A>G	CFTR	exon_21	
chr7	117614699	rs75541969	G>C	CFTR	exon_21	
chr7	117627528	rs397508572	T>C	CFTR	exon_22	
chr7	117627529	rs397508573	C>T	CFTR	exon_22	
chr7	117627538	rs1800120	G>T	CFTR	exon_22	
chr7	117639961	rs75039782	C>T	CFTR	intron_22	2477
chr7	117642451	rs267606723	G>A	CFTR	exon_23	
chr7	117642465	rs397508602	G>A,C	CFTR	exon_23	
chr7	117642472	rs74503330	G>A	CFTR	exon_23	
chr7	117642483	rs121909041	T>C	CFTR	exon_23	
chr7	117642528	rs11971167	G>A	CFTR	exon_23	
chr7	117642564	rs397508616	T>C	CFTR	exon_23	
chr7	117642568	rs77902683	G>T	CFTR	exon_23	
chr7	117642592	rs397508621	A>G	CFTR	exon_23	
chr7	117652846	.	T>G	CFTR	exon_24	
chr7	117664770	rs193922525	G>A	CFTR	exon_25	
chr7	117664848	rs397508678	A>C	CFTR	exon_25	
chr7	117667104	rs758818611	T>C	CFTR	exon_27	
chr8	18400010	rs200893121	A>G	NAT2	exon_2	
chr8	18400032	rs72466456	T>C	NAT2	exon_2	
chr8	18400054	rs201339185	C>G	NAT2	exon_2	
chr8	18400061	rs532310930	G>T	NAT2	exon_2	
chr8	18400070	rs1464413878	A>C	NAT2	exon_2	
chr8	18400073	rs45477599	T>A	NAT2	exon_2	
chr8	18400124	rs149283608	A>T	NAT2	exon_2	
chr8	18400155	rs72466457	G>T	NAT2	exon_2	
chr8	18400193	rs1805158	C>T	NAT2	exon_2	
chr8	18400194	rs1801279	G>A	NAT2	exon_2	
chr8	18400206	rs72466458	G>A	NAT2	exon_2	
chr8	18400251	rs561124342	G>C	NAT2	exon_2	
chr8	18400267	rs2535896050	G>A	NAT2	exon_2	
chr8	18400324	rs549917500	C>A	NAT2	exon_2	
chr8	18400344	rs1801280	T>C	NAT2	exon_2	
chr8	18400349	rs183409091	G>A	NAT2	exon_2	
chr8	18400367	rs4986996	G>A	NAT2	exon_2	
chr8	18400406	rs12720065	C>G	NAT2	exon_2	
chr8	18400461	rs72466460	C>T	NAT2	exon_2	
chr8	18400475	rs139351995	A>C	NAT2	exon_2	
chr8	18400478	rs537007806	T>A	NAT2	exon_2	
chr8	18400494	rs139512288	T>C	NAT2	exon_2	
chr8	18400502	rs72554617	G>A	NAT2	exon_2	
chr8	18400509	rs200585149	A>G	NAT2	exon_2	
chr8	18400521	rs369500066	A>G	NAT2	exon_2	
chr8	18400539	rs572750517	A>G	NAT2	exon_2	
chr8	18400581	rs79050330	C>T	NAT2	exon_2	
chr8	18400583	rs774002627	C>G	NAT2	exon_2	
chr8	18400592	rs375746304	C>T	NAT2	exon_2	
chr8	18400593	rs1799930	G>A	NAT2	exon_2	
chr8	18400599	rs761741098	T>C	NAT2	exon_2	
chr8	18400612	rs45618543	G>T	NAT2	exon_2	
chr8	18400616	rs45607939	A>T	NAT2	exon_2	
chr8	18400625	rs56387565	T>C	NAT2	exon_2	
chr8	18400641	rs138707146	C>T	NAT2	exon_2	
chr8	18400653	rs568110818	T>A	NAT2	exon_2	
chr8	18400685	rs150329557	C>T	NAT2	exon_2	
chr8	18400686	rs45518335	C>T	NAT2	exon_2	
chr8	18400707	rs756616433	T>G	NAT2	exon_2	
chr8	18400769	rs55700793	A>G	NAT2	exon_2	
chr8	18400799	rs539346244	G>A	NAT2	exon_2	
chr8	18400805	rs910738034	A>G	NAT2	exon_2	
chr8	18400806	rs1208	G>A	NAT2	exon_2	
chr8	18400826	rs148566670	T>A	NAT2	exon_2	
chr8	18400841	rs56393504	G>A	NAT2	exon_2	
chr8	18400848	rs56054745	A>G	NAT2	exon_2	
chr8	18400860	rs1799931	G>A	NAT2	exon_2	
chr10	94645745	rs12777823	G>A	.	NA	
chr10	94761900	rs12248560	C>T	CYP2C19	NA	
chr10	94762706	rs28399504	A>G	CYP2C19	exon_1	
chr10	94762712	rs367543002	C>T	CYP2C19	exon_1	
chr10	94762715	rs367543003	T>C	CYP2C19	exon_1	
chr10	94762755	rs55752064	T>C	CYP2C19	exon_1	
chr10	94762760	rs17882687	A>C	CYP2C19	exon_1	
chr10	94762788	rs1564656981	A>T	CYP2C19	exon_1	
chr10	94762856	rs1564657013	A>G	CYP2C19	exon_1	
chr10	94775106	rs145328984	C>T	CYP2C19	exon_2	
chr10	94775121	rs1564660997	C>T	CYP2C19	exon_2	
chr10	94775160	rs118203756	G>C	CYP2C19	exon_2	
chr10	94775185	rs1288601658	A>G	CYP2C19	exon_2	
chr10	94775367	rs12769205	A>G	CYP2C19	intron_2	23
chr10	94775416	rs41291556	T>C	CYP2C19	exon_3	
chr10	94775423	rs17885179	A>C	CYP2C19	exon_3	
chr10	94775453	rs72552267	G>A	CYP2C19	exon_3	
chr10	94775489	rs17884712	G>A	CYP2C19	exon_3	
chr10	94775507	rs58973490	G>A	CYP2C19	exon_3	
chr10	94780544	rs57700608	A>G	CYP2C19	exon_4	
chr10	94780574	rs140278421	G>C	CYP2C19	exon_4	
chr10	94780579	rs370803989	G>A	CYP2C19	exon_4	
chr10	94780653	rs4986893	G>A	CYP2C19	exon_4	
chr10	94781858	rs6413438	C>T	CYP2C19	exon_5	
chr10	94781859	rs4244285	G>A	CYP2C19	exon_5	
chr10	94781944	rs375781227	G>A	CYP2C19	exon_5	
chr10	94781999	rs72558186	T>A	CYP2C19	intron_5	2
chr10	94842861	rs138142612	G>A	CYP2C19	exon_7	
chr10	94842866	rs3758581	A>G	CYP2C19	exon_7	
chr10	94842879	rs118203757	G>A	CYP2C19	exon_7	
chr10	94842995	rs113934938	G>A	CYP2C19	exon_7	
chr10	94849995	rs17879685	C>T	CYP2C19	exon_8	
chr10	94852738	rs56337013	C>T	CYP2C19	exon_9	
chr10	94852765	rs192154563	C>T	CYP2C19	exon_9	
chr10	94852785	rs118203759	C>G	CYP2C19	exon_9	
chr10	94852914	rs55640102	A>C	CYP2C19	exon_9	
chr10	94938683	rs114071557	A>G	CYP2C9	exon_1	
chr10	94938719	.	T>G	CYP2C9	exon_1	
chr10	94938737	rs67807361	C>A	CYP2C9	exon_1	
chr10	94938771	rs142240658	C>T	CYP2C9	exon_1	
chr10	94938788	.	C>T	CYP2C9	exon_1	
chr10	94938800	rs1364419386	G>A	CYP2C9	exon_1	
chr10	94938803	rs2031308986	A>G	CYP2C9	exon_1	
chr10	94938828	rs564813580	A>G	CYP2C9	exon_1	
chr10	94941897	rs371055887	G>C	CYP2C9	exon_2	
chr10	94941915	rs1216169538	G>A	CYP2C9	exon_2	
chr10	94941958	rs72558187	T>C	CYP2C9	exon_2	
chr10	94941975	rs2493006942	G>A	CYP2C9	exon_2	
chr10	94941976	rs761033063	G>C	CYP2C9	exon_2	
chr10	94941982	rs762239445	G>T	CYP2C9	exon_2	
chr10	94942018	.	T>C	CYP2C9	exon_2	
chr10	94942205	rs1304490498	CAATGGAAAGA>C	CYP2C9	exon_3	
chr10	94942216	rs774607211	A>G	CYP2C9	exon_3	
chr10	94942230	rs767576260	C>T	CYP2C9	exon_3	
chr10	94942231	rs12414460	G>A	CYP2C9	exon_3	
chr10	94942233	rs375805362	C>T	CYP2C9	exon_3	
chr10	94942234	rs72558189	G>A,T	CYP2C9	exon_3	
chr10	94942240	rs530507053	C>T	CYP2C9	exon_3	
chr10	94942243	rs1375956433	T>G	CYP2C9	exon_3	
chr10	94942249	rs200965026	C>G,T	CYP2C9	exon_3	
chr10	94942254	rs199523631	C>T	CYP2C9	exon_3	
chr10	94942255	rs200183364	G>A	CYP2C9	exon_3	
chr10	94942290	rs1799853	C>T	CYP2C9	exon_3	
chr10	94942291	rs141489852	G>A	CYP2C9	exon_3	
chr10	94942305	rs754487195	G>A	CYP2C9	exon_3	
chr10	94942306	rs1289704600	C>T	CYP2C9	exon_3	
chr10	94942308	rs17847037	C>T	CYP2C9	exon_3	
chr10	94942309	rs7900194	G>A,T	CYP2C9	exon_3	
chr10	94947782	rs72558190	C>A	CYP2C9	exon_4	
chr10	94947785	rs774550549	C>T	CYP2C9	exon_4	
chr10	94947869	rs2492587526	A>G	CYP2C9	exon_4	
chr10	94947907	.	A>C	CYP2C9	exon_4	
chr10	94947917	rs1326630788	T>C	CYP2C9	exon_4	
chr10	94947938	rs2031531005	A>T	CYP2C9	exon_4	
chr10	94947939	rs370100007	G>T	CYP2C9	exon_4	
chr10	94949129	.	A>G	CYP2C9	exon_5	
chr10	94949144	rs2492591692	C>T	CYP2C9	exon_5	
chr10	94949145	rs772782449	C>T	CYP2C9	exon_5	
chr10	94949161	.	AT>A	CYP2C9	exon_5	
chr10	94949184	rs369745682	T>C	CYP2C9	exon_5	
chr10	94949217	rs2256871	A>G	CYP2C9	exon_5	
chr10	94949280	rs9332130	A>G	CYP2C9	exon_5	
chr10	94949281	rs9332131	GA>G	CYP2C9	exon_5	
chr10	94972119	rs182132442	C>A	CYP2C9	exon_6	
chr10	94972123	.	C>G	CYP2C9	exon_6	
chr10	94972134	rs2492634549	A>G	CYP2C9	exon_6	
chr10	94972179	rs72558192	A>G	CYP2C9	exon_6	
chr10	94972180	rs988617574	C>G	CYP2C9	exon_6	
chr10	94972183	.	A>T	CYP2C9	exon_6	
chr10	94972194	rs546318684	A>C	CYP2C9	exon_6	
chr10	94972233	rs1237225311	C>T	CYP2C9	exon_6	
chr10	94981199	.	G>T	CYP2C9	exon_7	
chr10	94981201	rs57505750	T>C	CYP2C9	exon_7	
chr10	94981224	rs28371685	C>T	CYP2C9	exon_7	
chr10	94981225	rs367826293	G>A	CYP2C9	exon_7	
chr10	94981230	rs1274535931	C>A	CYP2C9	exon_7	
chr10	94981250	rs750820937	C>A	CYP2C9	exon_7	
chr10	94981258	rs1297714792	C>T	CYP2C9	exon_7	
chr10	94981281	rs749060448	G>A	CYP2C9	exon_7	
chr10	94981296	rs1057910	A>C	CYP2C9	exon_7	
chr10	94981297	rs56165452	T>C	CYP2C9	exon_7	
chr10	94981301	rs28371686	C>G	CYP2C9	exon_7	
chr10	94981302	rs1250577724	C>A	CYP2C9	exon_7	
chr10	94981305	rs578144976	C>G	CYP2C9	exon_7	
chr10	94981365	rs2492650213	C>T	CYP2C9	exon_7	
chr10	94981371	rs542577750	G>A	CYP2C9	intron_7	1
chr10	94986042	rs764211126	A>G	CYP2C9	exon_8	
chr10	94986073	rs72558193	A>C	CYP2C9	exon_8	
chr10	94986136	rs1254213342	A>C	CYP2C9	exon_8	
chr10	94986174	rs1441296358	G>C	CYP2C9	exon_8	
chr10	94988852	rs776908257	C>T	CYP2C9	exon_9	
chr10	94988855	rs2492662738	A>T	CYP2C9	exon_9	
chr10	94988880	rs2492662839	G>T	CYP2C9	exon_9	
chr10	94988917	rs769942899	G>C	CYP2C9	exon_9	
chr10	94988925	rs202201137	A>G	CYP2C9	exon_9	
chr10	94988955	rs767284820	T>C	CYP2C9	exon_9	
chr10	94988984	rs781583846	G>A	CYP2C9	exon_9	
chr10	94989020	rs9332239	C>T	CYP2C9	exon_9	
chr10	94989023	rs868182778	G>T	CYP2C9	exon_9	
chr11	46739505	rs1799963	G>A	F2	exon_14	
chr12	21141575	rs185905373	A>T	SLCO1B1	exon_2	
chr12	21172675	rs556524705	G>C	SLCO1B1	exon_3	
chr12	21172734	rs139257324	C>T	SLCO1B1	exon_3	
chr12	21172735	rs61760182	G>A	SLCO1B1	exon_3	
chr12	21172776	rs373327528	G>A	SLCO1B1	exon_3	
chr12	21172782	rs56101265	T>C	SLCO1B1	exon_3	
chr12	21176804	rs2306283	A>G	SLCO1B1	exon_5	
chr12	21176868	rs2306282	A>G	SLCO1B1	exon_5	
chr12	21176871	rs145144129	G>C	SLCO1B1	exon_5	
chr12	21176879	rs11045819	C>A	SLCO1B1	exon_5	
chr12	21176898	rs77271279	G>T	SLCO1B1	intron_5	1
chr12	21178612	rs141467543	A>G	SLCO1B1	exon_6	
chr12	21178615	rs4149056	T>C	SLCO1B1	exon_6	
chr12	21178653	rs200331427	C>G	SLCO1B1	exon_6	
chr12	21178926	rs201722521	A>G	SLCO1B1	exon_7	
chr12	21178957	rs79135870	A>G	SLCO1B1	exon_7	
chr12	21196951	rs11045852	A>G	SLCO1B1	exon_8	
chr12	21196975	rs183501729	C>T	SLCO1B1	exon_8	
chr12	21196976	rs11045853	G>A	SLCO1B1	exon_8	
chr12	21200544	rs72559747	C>G	SLCO1B1	exon_9	
chr12	21200595	rs55901008	T>C	SLCO1B1	exon_9	
chr12	21200673	rs756393362	G>A	SLCO1B1	intron_9	1
chr12	21202553	rs1228465562	T>G	SLCO1B1	exon_10	
chr12	21202555	rs59113707	C>G	SLCO1B1	exon_10	
chr12	21202664	rs142965323	G>A	SLCO1B1	exon_10	
chr12	21205921	rs72559748	A>G	SLCO1B1	exon_11	
chr12	21205999	rs59502379	G>C	SLCO1B1	exon_11	
chr12	21206031	rs74064213	A>G	SLCO1B1	exon_11	
chr12	21222355	rs71581941	C>T	SLCO1B1	exon_13	
chr12	21224840	rs200994482	G>A	SLCO1B1	intron_14	1
chr12	21239042	rs34671512	A>C	SLCO1B1	exon_15	
chr12	21239077	rs56199088	A>G	SLCO1B1	exon_15	
chr12	21239113	rs55737008	A>G	SLCO1B1	exon_15	
chr12	21239145	rs200995543	C>T	SLCO1B1	exon_15	
chr12	21239158	rs140790673	C>T	SLCO1B1	exon_15	
chr13	48037748	rs769369441	T>C	NUDT15	exon_1	
chr13	48037749	.	G>C	NUDT15	exon_1	
chr13	48037782	rs746071566	AGGAGTC>A,AGGAGTCGGAGTC	NUDT15	exon_1	
chr13	48037798	rs186364861	G>A	NUDT15	exon_1	
chr13	48037825	rs777311140	C>CGCGG	NUDT15	exon_1	
chr13	48037834	rs1202487323	C>T	NUDT15	exon_1	
chr13	48037847	rs766023281	G>C	NUDT15	exon_1	
chr13	48037849	.	A>G	NUDT15	exon_1	
chr13	48037885	rs1950545307	G>A	NUDT15	exon_1	
chr13	48037902	rs149436418	C>G	NUDT15	exon_1	
chr13	48040977	rs1457579126	GA>G	NUDT15	exon_2	
chr13	48041103	rs761191455	T>TG	NUDT15	exon_2	
chr13	48041113	rs1368252918	G>T	NUDT15	exon_2	
chr13	48045690	rs768324690	C>G	NUDT15	exon_3	
chr13	48045714	rs1185228044	G>C	NUDT15	exon_3	
chr13	48045719	rs116855232	C>T	NUDT15	exon_3	
chr13	48045720	rs147390019	G>A	NUDT15	exon_3	
chr13	48045771	rs139551410	T>A	NUDT15	exon_3	
chr16	31096368	rs9923231	C>T	VKORC1	NA	
chr19	15878779	rs3093200	G>T	CYP4F2	exon_13	
chr19	15878886	rs3952537	G>C	CYP4F2	exon_13	
chr19	15878920	rs4020346	T>C	CYP4F2	exon_13	
chr19	15879412	rs138971789	C>T	CYP4F2	exon_12	
chr19	15879413	rs142113670	G>A	CYP4F2	exon_12	
chr19	15879621	rs2108622	C>T	CYP4F2	exon_11	
chr19	15886018	rs145174239	G>C	CYP4F2	exon_9	
chr19	15889671	rs144233412	C>A	CYP4F2	exon_7	
chr19	15890405	rs3093153	C>A	CYP4F2	exon_6	
chr19	15892379	rs200629062	G>A	CYP4F2	exon_5	
chr19	15892398	rs556151888	G>A	CYP4F2	exon_5	
chr19	15892541	rs145875499	C>T	CYP4F2	exon_4	
chr19	15895526	rs148396222	C>T	CYP4F2	exon_3	
chr19	15895527	rs114396708	G>A	CYP4F2	exon_3	
chr19	15895551	rs150579280	T>C	CYP4F2	exon_3	
chr19	15895560	rs144455532	G>T	CYP4F2	exon_3	
chr19	15897466	rs201380574	C>T	CYP4F2	exon_2	
chr19	15897473	rs115517770	G>A	CYP4F2	exon_2	
chr19	15897566	rs114099324	C>G	CYP4F2	exon_2	
chr19	15897578	rs3093105	A>C	CYP4F2	exon_2	
chr19	38433867	rs193922744	T>G	RYR1	exon_1	
chr19	38440747	rs193922745	CGAT>C	RYR1	exon_2	
chr19	38440796	rs193922746	A>G	RYR1	exon_2	
chr19	38440802	rs193922747	T>C	RYR1	exon_2	
chr19	38440818	.	G>C	RYR1	exon_2	
chr19	38440829	rs193922748	C>T	RYR1	exon_2	
chr19	38440830	rs139161723	G>A	RYR1	exon_2	
chr19	38440851	rs193922749	C>A	RYR1	exon_2	
chr19	38442361	rs118192160	G>A,T	RYR1	exon_3	
chr19	38442373	rs995399438	T>C	RYR1	exon_3	
chr19	38442395	rs118192113	C>A	RYR1	exon_3	
chr19	38442434	rs186983396	C>T	RYR1	exon_3	
chr19	38443790	rs142474192	G>A	RYR1	exon_5	
chr19	38444179	.	C>A	RYR1	exon_6	
chr19	38444187	rs193922750	C>A	RYR1	exon_6	
chr19	38444191	rs193922751	G>A	RYR1	exon_6	
chr19	38444203	rs193922752	A>G	RYR1	exon_6	
chr19	38444211	rs118192161	C>T	RYR1	exon_6	
chr19	38444212	rs193922753	G>A,T	RYR1	exon_6	
chr19	38444217	rs193922754	G>A	RYR1	exon_6	
chr19	38444220	rs193922755	G>A	RYR1	exon_6	
chr19	38444221	rs193922756	A>G	RYR1	exon_6	
chr19	38444250	rs761616815	G>A	RYR1	exon_6	
chr19	38444252	.	G>T	RYR1	exon_6	
chr19	38444253	rs193922757	C>T	RYR1	exon_6	
chr19	38444257	.	A>C,G	RYR1	exon_6	
chr19	38444671	rs771058055	G>A	RYR1	exon_7	
chr19	38446481	rs727504129	C>T	RYR1	exon_8	
chr19	38446492	rs193922759	G>A	RYR1	exon_8	
chr19	38446517	rs112596687	T>A	RYR1	exon_8	
chr19	38446520	rs193922760	A>T	RYR1	exon_8	
chr19	38446710	rs1801086	G>A,C	RYR1	exon_9	
chr19	38448500	rs752652072	C>T	RYR1	exon_10	
chr19	38448501	rs193922761	G>T	RYR1	exon_10	
chr19	38448673	rs193922762	C>T	RYR1	exon_11	
chr19	38448680	.	T>TGGA	RYR1	exon_11	
chr19	38448712	rs121918592	G>A,C	RYR1	exon_11	
chr19	38448715	.	G>A	RYR1	exon_11	
chr19	38448791	rs113332073	G>A,T	RYR1	exon_11	
chr19	38451785	.	C>A	RYR1	exon_12	
chr19	38451842	rs193922764	C>A,G,T	RYR1	exon_12	
chr19	38451843	rs193922766	G>A,T	RYR1	exon_12	
chr19	38451850	rs118192116	C>G	RYR1	exon_12	
chr19	38452985	.	C>T	RYR1	exon_13	
chr19	38452996	rs193922767	G>T	RYR1	exon_13	
chr19	38455247	rs147723844	A>G	RYR1	exon_14	
chr19	38455253	.	C>G	RYR1	exon_14	
chr19	38455254	.	T>C	RYR1	exon_14	
chr19	38455269	rs901087791	G>A	RYR1	exon_14	
chr19	38455347	.	T>C	RYR1	exon_14	
chr19	38455359	rs118192162	A>C,G	RYR1	exon_14	
chr19	38455463	rs111888148	G>A	RYR1	exon_15	
chr19	38455471	rs193922768	C>A,T	RYR1	exon_15	
chr19	38455472	rs144336148	G>A	RYR1	exon_15	
chr19	38455489	rs193922769	T>C,G	RYR1	exon_15	
chr19	38455504	.	G>T	RYR1	exon_15	
chr19	38455528	rs193922770	C>T	RYR1	exon_15	
chr19	38457539	rs118204423	G>C	RYR1	exon_17	
chr19	38457545	rs118192172	C>T	RYR1	exon_17	
chr19	38457546	rs193922772	G>T	RYR1	exon_17	
chr19	38458175	rs747177274	G>C	RYR1	exon_18	
chr19	38458247	rs138874610	G>A	RYR1	exon_18	
chr19	38460461	rs376149732	C>T	RYR1	exon_20	
chr19	38460551	rs193922775	C>T	RYR1	exon_20	
chr19	38463499	rs370634440	G>A	RYR1	exon_21	
chr19	38464649	rs148623597	G>A	RYR1	exon_23	
chr19	38466144	rs778241277	G>A	RYR1	exon_24	
chr19	38466216	rs180714609	G>A	RYR1	exon_24	
chr19	38466315	rs141942845	G>A	RYR1	exon_24	
chr19	38466347	rs111272095	C>T	RYR1	exon_24	
chr19	38466386	rs2145447772	G>A,C	RYR1	exon_24	
chr19	38466392	.	G>A	RYR1	exon_24	
chr19	38467655	rs749040743	G>A	RYR1	exon_25	
chr19	38469002	rs193922776	C>T	RYR1	exon_26	
chr19	38469111	rs549201486	C>T	RYR1	exon_26	
chr19	38469404	.	A>C	RYR1	exon_27	
chr19	38469415	rs936513262	G>A	RYR1	exon_27	
chr19	38473635	rs34694816	A>G	RYR1	exon_28	
chr19	38475335	rs137933390	A>G	RYR1	exon_29	
chr19	38477816	rs145573319	A>G	RYR1	exon_30	
chr19	38483293	rs146429605	A>G	RYR1	exon_33	
chr19	38483329	rs754476250	C>T	RYR1	exon_33	
chr19	38483345	rs151029675	C>T	RYR1	exon_33	
chr19	38483357	rs193922777	C>T	RYR1	exon_33	
chr19	38485679	.	T>C	RYR1	exon_34	
chr19	38485688	rs781104539	A>G	RYR1	exon_34	
chr19	38485691	rs146504767	G>A	RYR1	exon_34	
chr19	38485787	rs754785770	A>G	RYR1	exon_34	
chr19	38485838	rs193922781	C>T	RYR1	exon_34	
chr19	38485841	rs193922782	T>G	RYR1	exon_34	
chr19	38485972	rs192863857	C>T	RYR1	exon_34	
chr19	38485996	rs372958050	T>C	RYR1	exon_34	
chr19	38486015	rs34934920	C>T	RYR1	exon_34	
chr19	38486095	.	A>G	RYR1	exon_34	
chr19	38486096	rs193922783	T>A	RYR1	exon_34	
chr19	38490151	rs145801146	C>T	RYR1	exon_36	
chr19	38490642	.	A>C	RYR1	exon_37	
chr19	38492540	rs35364374	G>T	RYR1	exon_38	
chr19	38494379	rs746818096	T>A	RYR1	exon_39	
chr19	38494381	rs770593660	G>C	RYR1	exon_39	
chr19	38494426	rs193922788	G>C	RYR1	exon_39	
chr19	38494454	.	G>A	RYR1	exon_39	
chr19	38494464	rs117886618	C>G	RYR1	exon_39	
chr19	38494465	rs193922789	G>A	RYR1	exon_39	
chr19	38494555	rs143398211	G>A	RYR1	exon_39	
chr19	38494564	rs118192175	C>T	RYR1	exon_39	
chr19	38494565	rs118192163	G>A,C,T	RYR1	exon_39	
chr19	38494579	rs118192176	G>A	RYR1	exon_39	
chr19	38494621	rs193922790	A>T	RYR1	exon_39	
chr19	38494625	rs959170123	G>A	RYR1	exon_39	
chr19	38496265	rs193922791	C>T	RYR1	exon_40	
chr19	38496278	rs141646642	C>G	RYR1	exon_40	
chr19	38496283	rs118192177	C>G,T	RYR1	exon_40	
chr19	38496294	rs193922792	G>T	RYR1	exon_40	
chr19	38496301	rs193922793	T>A	RYR1	exon_40	
chr19	38496306	rs193922795	G>A	RYR1	exon_40	
chr19	38496415	rs199870223	C>T	RYR1	exon_41	
chr19	38496416	rs537994744	G>A	RYR1	exon_41	
chr19	38496455	.	G>A	RYR1	exon_41	
chr19	38496487	rs763352221	C>T	RYR1	exon_41	
chr19	38496488	rs140152019	G>A	RYR1	exon_41	
chr19	38496502	rs917523269	C>T	RYR1	exon_41	
chr19	38496901	rs193922797	G>A	RYR1	exon_42	
chr19	38496910	rs118192121	A>C	RYR1	exon_42	
chr19	38499177	rs34390345	A>G	RYR1	exon_43	
chr19	38499223	rs112563513	G>A	RYR1	exon_43	
chr19	38499234	.	T>C	RYR1	exon_43	
chr19	38499241	rs147213895	A>G	RYR1	exon_43	
chr19	38499639	rs193922798	G>C	RYR1	exon_44	
chr19	38499642	.	C>A	RYR1	exon_44	
chr19	38499643	rs193922799	G>A	RYR1	exon_44	
chr19	38499644	rs121918596	TGGA>T	RYR1	exon_44	
chr19	38499650	rs193922801	A>G	RYR1	exon_44	
chr19	38499655	rs193922802	G>A	RYR1	exon_44	
chr19	38499667	.	G>A	RYR1	exon_44	
chr19	38499670	rs193922803	C>T	RYR1	exon_44	
chr19	38499680	.	T>A	RYR1	exon_44	
chr19	38499682	rs769482889	C>T	RYR1	exon_44	
chr19	38499683	.	G>A	RYR1	exon_44	
chr19	38499691	rs762401851	G>A	RYR1	exon_44	
chr19	38499692	rs193922804	A>G	RYR1	exon_44	
chr19	38499696	.	C>G	RYR1	exon_44	
chr19	38499697	rs193922805	T>G	RYR1	exon_44	
chr19	38499704	rs193922806	C>G	RYR1	exon_44	
chr19	38499706	rs146306934	G>A	RYR1	exon_44	
chr19	38499719	.	A>G	RYR1	exon_44	
chr19	38499730	.	G>A	RYR1	exon_44	
chr19	38499731	rs193922807	G>C	RYR1	exon_44	
chr19	38499806	rs976108591	A>G	RYR1	exon_44	
chr19	38499817	rs111364296	G>A	RYR1	exon_44	
chr19	38499975	rs193922809	G>A	RYR1	exon_45	
chr19	38499984	rs193922810	G>A,T	RYR1	exon_45	
chr19	38499985	.	A>T	RYR1	exon_45	
chr19	38499993	rs121918593	G>A	RYR1	exon_45	
chr19	38499997	rs28933396	G>A,T	RYR1	exon_45	
chr19	38500000	.	G>A	RYR1	exon_45	
chr19	38500003	rs193922812	C>T	RYR1	exon_45	
chr19	38500010	rs193922813	G>C	RYR1	exon_45	
chr19	38500636	rs118192124	C>T	RYR1	exon_46	
chr19	38500637	rs193922815	G>A,C	RYR1	exon_46	
chr19	38500640	rs118192123	T>C	RYR1	exon_46	
chr19	38500642	rs193922816	C>T	RYR1	exon_46	
chr19	38500643	rs118192122	G>A	RYR1	exon_46	
chr19	38500654	rs28933397	C>T	RYR1	exon_46	
chr19	38500655	rs121918594	G>A,T	RYR1	exon_46	
chr19	38500667	rs551223467	C>T	RYR1	exon_46	
chr19	38500863	rs193922817	C>T	RYR1	exon_47	
chr19	38500898	rs118192178	C>G,T	RYR1	exon_47	
chr19	38500899	rs193922818	G>A	RYR1	exon_47	
chr19	38500904	rs193922819	T>C	RYR1	exon_47	
chr19	38502652	rs767553612	A>G	RYR1	exon_48	
chr19	38502663	rs193922822	C>G,T	RYR1	exon_48	
chr19	38502669	.	C>G	RYR1	exon_48	
chr19	38502670	rs751180702	G>A	RYR1	exon_48	
chr19	38502679	rs193922824	C>T	RYR1	exon_48	
chr19	38502708	rs748575133	T>A	RYR1	exon_48	
chr19	38502923	rs914804033	G>A,C	RYR1	exon_49	
chr19	38504298	.	G>A	RYR1	exon_50	
chr19	38504319	rs193922826	C>T	RYR1	exon_50	
chr19	38504347	rs781126470	C>T	RYR1	exon_50	
chr19	38504868	rs193922827	G>C	RYR1	exon_51	
chr19	38504869	rs112196644	A>G	RYR1	exon_51	
chr19	38504878	rs193922828	G>A	RYR1	exon_51	
chr19	38505061	rs193922829	G>A	RYR1	exon_52	
chr19	38505325	rs147707463	C>T	RYR1	exon_53	
chr19	38505358	rs35180584	C>G	RYR1	exon_53	
chr19	38505923	rs193922830	C>T	RYR1	exon_54	
chr19	38505932	rs768535909	T>C	RYR1	exon_54	
chr19	38506361	rs193922831	T>A	RYR1	exon_55	
chr19	38506492	rs112772310	G>A	RYR1	exon_56	
chr19	38506508	.	C>G	RYR1	exon_56	
chr19	38506865	.	C>T	RYR1	exon_57	
chr19	38507821	.	C>T	RYR1	exon_58	
chr19	38511590	rs147303895	G>A	RYR1	exon_61	
chr19	38512279	.	G>A	RYR1	exon_63	
chr19	38512321	rs193922832	G>A	RYR1	exon_63	
chr19	38512367	rs193922833	G>A	RYR1	exon_63	
chr19	38515052	.	C>T	RYR1	exon_64	
chr19	38516167	rs199738299	A>G	RYR1	exon_65	
chr19	38516181	.	T>C	RYR1	exon_65	
chr19	38516184	rs553055844	G>A	RYR1	exon_65	
chr19	38516208	.	G>C	RYR1	exon_65	
chr19	38517431	rs375626634	T>C	RYR1	exon_66	
chr19	38517470	.	T>C	RYR1	exon_66	
chr19	38517521	rs757753317	G>A	RYR1	exon_66	
chr19	38517523	.	T>A	RYR1	exon_66	
chr19	38517541	rs112151058	G>A	RYR1	exon_66	
chr19	38519237	rs118204421	C>T	RYR1	exon_67	
chr19	38519238	rs193922834	G>A	RYR1	exon_67	
chr19	38519292	rs137932199	G>A	RYR1	exon_67	
chr19	38519295	rs118192126	A>G	RYR1	exon_67	
chr19	38519424	.	C>A	RYR1	exon_67	
chr19	38519432	.	A>T	RYR1	exon_67	
chr19	38519447	.	A>G	RYR1	exon_67	
chr19	38525432	.	C>T	RYR1	exon_71	
chr19	38525492	rs143987857	G>A	RYR1	exon_71	
chr19	38527707	rs55876273	G>C	RYR1	exon_73	
chr19	38527710	.	G>C	RYR1	exon_73	
chr19	38528372	.	G>T	RYR1	exon_74	
chr19	38529002	.	G>C	RYR1	exon_76	
chr19	38529036	rs193922838	G>T	RYR1	exon_76	
chr19	38529042	.	C>T	RYR1	exon_76	
chr19	38529048	rs375915752	C>T	RYR1	exon_76	
chr19	38534726	rs4802584	C>G	RYR1	exon_79	
chr19	38534774	rs763112609	C>T	RYR1	exon_79	
chr19	38534775	rs193922839	G>A	RYR1	exon_79	
chr19	38535197	rs111565359	G>A	RYR1	exon_80	
chr19	38535998	rs140616359	G>A	RYR1	exon_82	
chr19	38543365	rs148399313	G>A	RYR1	exon_85	
chr19	38543380	.	A>T	RYR1	exon_85	
chr19	38543405	rs193922840	T>G	RYR1	exon_85	
chr19	38543551	rs147136339	A>G	RYR1	exon_86	
chr19	38543566	.	G>A	RYR1	exon_86	
chr19	38543810	.	C>T	RYR1	exon_87	
chr19	38543816	rs118204422	T>C	RYR1	exon_87	
chr19	38543821	rs193922842	C>G	RYR1	exon_87	
chr19	38543832	rs193922843	G>T	RYR1	exon_87	
chr19	38546460	rs755088027	G>A	RYR1	exon_88	
chr19	38546496	rs773040531	A>G	RYR1	exon_88	
chr19	38548253	.	A>T	RYR1	exon_89	
chr19	38548259	rs144685735	C>T	RYR1	exon_89	
chr19	38548287	rs193922844	C>A	RYR1	exon_89	
chr19	38548380	rs373406011	C>T	RYR1	exon_89	
chr19	38561140	.	G>C	RYR1	exon_90	
chr19	38561185	rs193922848	A>T	RYR1	exon_90	
chr19	38561213	.	C>T	RYR1	exon_90	
chr19	38561228	rs201321695	A>G	RYR1	exon_90	
chr19	38561236	rs193922849	C>A	RYR1	exon_90	
chr19	38561243	rs193922850	T>C	RYR1	exon_90	
chr19	38561362	.	G>A	RYR1	exon_90	
chr19	38561363	.	G>T	RYR1	exon_90	
chr19	38561383	rs151119428	G>A	RYR1	exon_90	
chr19	38565023	.	T>G	RYR1	exon_91	
chr19	38565034	rs193922852	G>C,T	RYR1	exon_91	
chr19	38565182	rs193922853	A>T	RYR1	exon_91	
chr19	38565215	rs587784372	C>T	RYR1	exon_91	
chr19	38565218	rs193922855	C>T	RYR1	exon_91	
chr19	38566978	rs139647387	A>G	RYR1	exon_92	
chr19	38566986	rs150396398	G>C	RYR1	exon_92	
chr19	38570619	rs771741606	C>T	RYR1	exon_94	
chr19	38570620	rs118192130	G>A	RYR1	exon_94	
chr19	38570649	.	C>G	RYR1	exon_94	
chr19	38572032	rs143520367	C>T	RYR1	exon_95	
chr19	38572185	rs118192135	G>A	RYR1	exon_95	
chr19	38572190	rs756850145	A>G	RYR1	exon_95	
chr19	38572206	rs193922860	G>A	RYR1	exon_95	
chr19	38572262	rs759500310	T>C	RYR1	exon_95	
chr19	38572266	rs193922862	TC>CT	RYR1	exon_95	
chr19	38573180	rs193922863	C>T	RYR1	exon_96	
chr19	38573229	rs193922864	T>C	RYR1	exon_96	
chr19	38573304	rs118192140	C>T	RYR1	exon_96	
chr19	38575957	rs200766617	G>A	RYR1	exon_97	
chr19	38577931	.	A>C	RYR1	exon_98	
chr19	38577942	rs193922865	T>G	RYR1	exon_98	
chr19	38577946	rs193922866	G>A	RYR1	exon_98	
chr19	38577954	rs193922867	C>T	RYR1	exon_98	
chr19	38577955	rs193922868	G>A	RYR1	exon_98	
chr19	38578015	rs768360593	G>A	RYR1	exon_98	
chr19	38578205	.	G>T	RYR1	intron_99	1
chr19	38580004	rs118192167	A>G	RYR1	exon_100	
chr19	38580039	.	TT>AA	RYR1	exon_100	
chr19	38580041	.	C>A	RYR1	exon_100	
chr19	38580066	rs143988412	A>T	RYR1	exon_100	
chr19	38580075	rs193922873	G>A,T	RYR1	exon_100	
chr19	38580088	rs193922874	T>C	RYR1	exon_100	
chr19	38580094	rs121918595	C>T	RYR1	exon_100	
chr19	38580114	rs193922876	C>T	RYR1	exon_100	
chr19	38580126	.	C>G	RYR1	exon_100	
chr19	38580370	rs193922878	C>G	RYR1	exon_101	
chr19	38580382	rs193922879	G>A	RYR1	exon_101	
chr19	38580397	.	G>C	RYR1	exon_101	
chr19	38580403	rs118192168	G>A	RYR1	exon_101	
chr19	38580416	.	C>T	RYR1	exon_101	
chr19	38580425	rs193922880	C>G	RYR1	exon_101	
chr19	38580439	rs118192181	C>T	RYR1	exon_101	
chr19	38580440	rs63749869	G>A	RYR1	exon_101	
chr19	38580485	rs113210953	A>G	RYR1	exon_101	
chr19	38580497	rs193922883	T>C	RYR1	exon_101	
chr19	38584974	rs118192151	G>A	RYR1	exon_102	
chr19	38584976	rs193922888	G>A	RYR1	exon_102	
chr19	38584989	rs118192170	T>C	RYR1	exon_102	
chr19	38585078	.	A>G	RYR1	exon_102	
chr19	38585099	.	G>A	RYR1	exon_102	
chr19	38585947	rs111657878	T>C	RYR1	exon_103	
chr19	38585948	rs118192159	C>G	RYR1	exon_103	
chr19	38585951	rs193922895	C>A	RYR1	exon_103	
chr19	38585952	rs118192158	G>A	RYR1	exon_103	
chr19	38585959	rs193922896	G>T	RYR1	exon_103	
chr19	38586101	rs193922898	T>A	RYR1	exon_104	
chr19	38586140	rs146876145	C>T	RYR1	exon_104	
chr19	38586190	.	A>G	RYR1	exon_104	
chr19	38587362	.	G>C	RYR1	exon_106	
chr19	38587363	.	G>C	RYR1	exon_106	
chr19	39248147	rs12979860	C>T	IFNL3	NA	
chr19	40991224	rs34223104	T>C	CYP2B6	NA	
chr19	40991367	rs34883432	A>T	CYP2B6	exon_1	
chr19	40991369	rs8192709	C>T	CYP2B6	exon_1	
chr19	40991381	rs33973337	A>T	CYP2B6	exon_1	
chr19	40991388	rs33980385	A>G	CYP2B6	exon_1	
chr19	40991390	rs33926104	C>A	CYP2B6	exon_1	
chr19	40991391	rs34284776	G>C	CYP2B6	exon_1	
chr19	40991441	rs35303484	A>G	CYP2B6	exon_1	
chr19	41004015	rs281864907	T>A	CYP2B6	exon_2	
chr19	41004125	rs36060847	G>A	CYP2B6	exon_2	
chr19	41004133	rs148009906	G>A	CYP2B6	exon_2	
chr19	41004158	rs186335453	G>T	CYP2B6	exon_2	
chr19	41004303	rs139801276	T>C	CYP2B6	exon_3	
chr19	41004377	rs12721655	A>G	CYP2B6	exon_3	
chr19	41004380	rs535039125	C>T	CYP2B6	exon_3	
chr19	41004381	rs35773040	G>A	CYP2B6	exon_3	
chr19	41004406	rs145884402	G>T	CYP2B6	exon_3	
chr19	41004435	rs141666881	G>A	CYP2B6	exon_3	
chr19	41006919	rs3826711	C>G	CYP2B6	exon_4	
chr19	41006923	rs36056539	C>T	CYP2B6	exon_4	
chr19	41006936	rs3745274	G>T	CYP2B6	exon_4	
chr19	41006967	rs58871670	G>A	CYP2B6	exon_4	
chr19	41006968	rs373489637	T>G	CYP2B6	exon_4	
chr19	41007013	rs36079186	T>C	CYP2B6	exon_4	
chr19	41009313	.	A>C	CYP2B6	exon_5	
chr19	41009350	rs45482602	C>A	CYP2B6	exon_5	
chr19	41009358	rs2279343	A>G	CYP2B6	exon_5	
chr19	41010006	rs139029625	G>C	CYP2B6	exon_6	
chr19	41010088	rs34698757	C>G	CYP2B6	exon_6	
chr19	41010108	rs193922917	C>A	CYP2B6	exon_6	
chr19	41012316	rs28399499	T>C	CYP2B6	exon_7	
chr19	41012339	rs34826503	C>T	CYP2B6	exon_7	
chr19	41012393	rs754621576	T>C	CYP2B6	exon_7	
chr19	41012394	rs780991919	A>G	CYP2B6	exon_7	
chr19	41012465	rs34097093	C>T	CYP2B6	exon_7	
chr19	41012466	rs200458614	G>A	CYP2B6	exon_7	
chr19	41012471	rs201500445	T>C	CYP2B6	exon_7	
chr19	41012478	rs200238771	T>A	CYP2B6	exon_7	
chr19	41012693	rs35979566	T>A	CYP2B6	exon_8	
chr19	41012740	rs193922918	G>A	CYP2B6	exon_8	
chr19	41012803	rs35010098	C>A	CYP2B6	exon_8	
chr19	41016652	rs764288403	G>A	CYP2B6	exon_9	
chr19	41016679	rs374099483	G>A	CYP2B6	exon_9	
chr19	41016726	rs3211369	A>G	CYP2B6	exon_9	
chr19	41016741	rs117872433	G>A	CYP2B6	exon_9	
chr19	41016778	rs564083989	G>A	CYP2B6	exon_9	
chr19	41016805	rs2516199080	A>T	CYP2B6	exon_9	
chr19	41016810	rs3211371	C>A,T	CYP2B6	exon_9	
chr22	42126578	rs1440526469	C>T	CYP2D6	exon_9	
chr22	42126605	rs568495591	G>A	CYP2D6	exon_9	
chr22	42126611	rs1135840	C>G	CYP2D6	exon_9	
chr22	42126619	rs28371736	G>A	CYP2D6	exon_9	
chr22	42126622	rs747998333	A>G	CYP2D6	exon_9	
chr22	42126623	rs75467367	G>C	CYP2D6	exon_9	
chr22	42126624	rs74478221	C>T	CYP2D6	exon_9	
chr22	42126625	.	A>G	CYP2D6	exon_9	
chr22	42126627	.	A>C	CYP2D6	exon_9	
chr22	42126633	rs1135837	C>G	CYP2D6	exon_9	
chr22	42126634	.	A>C	CYP2D6	exon_9	
chr22	42126635	rs766507177	T>G	CYP2D6	exon_9	
chr22	42126636	rs28371735	G>A	CYP2D6	exon_9	
chr22	42126647	rs141756339	C>T	CYP2D6	exon_9	
chr22	42126656	rs765776661	C>CCAGTGGGCA	CYP2D6	exon_9	
chr22	42126658	rs1135836	A>G	CYP2D6	exon_9	
chr22	42126660	rs1135835	T>C	CYP2D6	exon_9	
chr22	42126663	rs1135833	G>C	CYP2D6	exon_9	
chr22	42126667	rs1135832	C>G	CYP2D6	exon_9	
chr22	42126681	.	G>C	CYP2D6	exon_9	
chr22	42126697	.	G>T	CYP2D6	exon_9	
chr22	42126715	rs760940331	C>T	CYP2D6	exon_9	
chr22	42126719	rs369177208	C>T	CYP2D6	exon_9	
chr22	42126735	rs751092905	C>T	CYP2D6	exon_9	
chr22	42126746	rs532668079	C>T	CYP2D6	exon_9	
chr22	42126747	rs730882251	G>A	CYP2D6	exon_9	
chr22	42126749	rs267608319	C>T	CYP2D6	exon_9	
chr22	42126752	rs569439709	C>T	CYP2D6	exon_9	
chr22	42126877	rs3021084	G>A	CYP2D6	exon_8	
chr22	42126896	rs763964554	G>A	CYP2D6	exon_8	
chr22	42126914	rs28371733	C>T	CYP2D6	exon_8	
chr22	42126926	rs747089665	G>A	CYP2D6	exon_8	
chr22	42126938	rs769157652	C>T	CYP2D6	exon_8	
chr22	42126956	rs1931013246	T>G	CYP2D6	exon_8	
chr22	42126962	rs1602566413	C>G	CYP2D6	exon_8	
chr22	42126980	rs757396767	TGA>T	CYP2D6	exon_8	
chr22	42127457	rs77312092	C>T	CYP2D6	exon_7	
chr22	42127473	rs75386357	C>T	CYP2D6	exon_7	
chr22	42127512	rs61745683	C>T	CYP2D6	exon_7	
chr22	42127514	rs1555888899	A>G	CYP2D6	exon_7	
chr22	42127523	rs1555888910	A>G	CYP2D6	exon_7	
chr22	42127526	rs1058172	C>T	CYP2D6	exon_7	
chr22	42127530	rs72549346	G>GCA	CYP2D6	exon_7	
chr22	42127556	rs202102799	T>C	CYP2D6	exon_7	
chr22	42127565	rs61736517	T>C	CYP2D6	exon_7	
chr22	42127589	rs76088846	C>T	CYP2D6	exon_7	
chr22	42127590	rs72549347	G>A	CYP2D6	exon_7	
chr22	42127593	rs267608295	G>A,C	CYP2D6	exon_7	
chr22	42127602	rs566108360	C>T	CYP2D6	exon_7	
chr22	42127605	rs141824015	T>G	CYP2D6	exon_7	
chr22	42127608	rs59421388	C>T	CYP2D6	exon_7	
chr22	42127610	rs748712690	T>C	CYP2D6	exon_7	
chr22	42127611	rs78209835	C>T	CYP2D6	exon_7	
chr22	42127619	rs72549348	T>G	CYP2D6	exon_7	
chr22	42127631	rs141009491	C>G	CYP2D6	exon_7	
chr22	42127634	rs3915951	C>A	CYP2D6	exon_7	
chr22	42127803	rs28371725	C>T	CYP2D6	intron_3	39
chr22	42127841	rs72549349	C>G	CYP2D6	intron_3	1
chr22	42127842	rs150216909	G>A	CYP2D6	exon_6	
chr22	42127845	rs730882170	GCACATCCGGATGTAGGATC>G	CYP2D6	exon_6	
chr22	42127852	rs79292917	C>T	CYP2D6	exon_6	
chr22	42127856	rs5030867	T>G	CYP2D6	exon_6	
chr22	42127899	.	T>C	CYP2D6	exon_6	
chr22	42127922	rs1406719554	A>G	CYP2D6	exon_6	
chr22	42127938	rs949717872	T>G	CYP2D6	exon_6	
chr22	42127941	rs16947	G>A	CYP2D6	exon_6	
chr22	42127962	rs267608279	TG>T	CYP2D6	exon_6	
chr22	42127973	rs1135829	T>C	CYP2D6	exon_6	
chr22	42128173	rs5030656	CCTT>C	CYP2D6	intron_4	1
chr22	42128181	rs1135828	A>T	CYP2D6	exon_5	
chr22	42128185	rs77913725	C>T	CYP2D6	exon_5	
chr22	42128198	rs72549351	CTCAG>C	CYP2D6	exon_5	
chr22	42128200	rs368858603	C>CA	CYP2D6	exon_5	
chr22	42128211	rs72549352	C>CG	CYP2D6	exon_5	
chr22	42128212	rs367543000	G>A	CYP2D6	exon_5	
chr22	42128217	rs148769737	G>T	CYP2D6	exon_5	
chr22	42128235	rs267608297	G>A	CYP2D6	exon_5	
chr22	42128241	rs35742686	CT>C	CYP2D6	exon_5	
chr22	42128248	rs72549353	CAGTT>C	CYP2D6	exon_5	
chr22	42128272	.	T>G	CYP2D6	exon_5	
chr22	42128308	rs28371717	C>A	CYP2D6	exon_5	
chr22	42128324	rs777691989	CAGG>C	CYP2D6	exon_5	
chr22	42128325	rs17002853	A>G	CYP2D6	exon_5	
chr22	42128329	rs373813287	G>A	CYP2D6	exon_5	
chr22	42128332	rs993385303	C>T	CYP2D6	exon_5	
chr22	42128340	rs140900383	G>A	CYP2D6	exon_5	
chr22	42128351	rs377725912	C>T	CYP2D6	intron_5	1
chr22	42128795	.	AG>A	CYP2D6	exon_4	
chr22	42128807	rs567606867	C>T	CYP2D6	exon_4	
chr22	42128812	rs199535154	A>G	CYP2D6	exon_4	
chr22	42128813	rs150163869	G>A	CYP2D6	exon_4	
chr22	42128814	rs72549354	T>TC	CYP2D6	exon_4	
chr22	42128818	rs763609904	T>TC	CYP2D6	exon_4	
chr22	42128848	rs745365204	C>T	CYP2D6	exon_4	
chr22	42128864	rs755518310	C>T	CYP2D6	exon_4	
chr22	42128876	rs538707090	C>T	CYP2D6	exon_4	
chr22	42128878	rs747884067	C>A	CYP2D6	exon_4	
chr22	42128879	rs2146937045	A>G	CYP2D6	exon_4	
chr22	42128903	.	T>TTA	CYP2D6	exon_4	
chr22	42128926	rs1459127426	T>C	CYP2D6	exon_4	
chr22	42128927	rs72549356	T>TGGGGCGAAA,TGGGGCGAAAGGGGCGAAA	CYP2D6	exon_4	
chr22	42128932	rs556882139	C>T	CYP2D6	exon_4	
chr22	42128945	rs3892097	C>T	CYP2D6	intron_6	1
chr22	42129033	rs5030865	C>A,T	CYP2D6	exon_3	
chr22	42129036	rs1135826	A>C	CYP2D6	exon_3	
chr22	42129037	rs1135825	G>T	CYP2D6	exon_3	
chr22	42129042	rs1135824	T>C	CYP2D6	exon_3	
chr22	42129044	rs201006451	G>A	CYP2D6	exon_3	
chr22	42129056	rs774943042	C>G	CYP2D6	exon_3	
chr22	42129071	rs267608302	T>A,G	CYP2D6	exon_3	
chr22	42129075	rs28371710	C>T	CYP2D6	exon_3	
chr22	42129083	rs5030655	CA>C	CYP2D6	exon_3	
chr22	42129087	rs78482768	G>C	CYP2D6	exon_3	
chr22	42129098	rs569229126	T>C	CYP2D6	exon_3	
chr22	42129113	rs375135093	A>G	CYP2D6	exon_3	
chr22	42129130	rs1058164	C>G	CYP2D6	exon_3	
chr22	42129132	rs61736512	C>T	CYP2D6	exon_3	
chr22	42129134	rs781457579	G>A	CYP2D6	exon_3	
chr22	42129155	rs1180015037	C>T	CYP2D6	exon_3	
chr22	42129156	rs376636053	A>G	CYP2D6	exon_3	
chr22	42129166	rs766391487	A>C	CYP2D6	exon_3	
chr22	42129174	rs1135823	C>A	CYP2D6	exon_3	
chr22	42129180	rs1135822	A>T	CYP2D6	exon_3	
chr22	42129183	rs374616348	C>A,T	CYP2D6	exon_3	
chr22	42129740	.	T>C	CYP2D6	exon_2	
chr22	42129753	rs563185985	C>G	CYP2D6	exon_2	
chr22	42129759	rs535642512	C>T	CYP2D6	exon_2	
chr22	42129765	rs78459009	T>C	CYP2D6	exon_2	
chr22	42129770	rs28371706	G>A,T	CYP2D6	exon_2	
chr22	42129771	rs74802369	T>A	CYP2D6	exon_2	
chr22	42129779	rs76187628	A>G	CYP2D6	exon_2	
chr22	42129780	rs267608308	C>T	CYP2D6	exon_2	
chr22	42129799	rs76802407	G>C	CYP2D6	exon_2	
chr22	42129809	rs28371704	T>C	CYP2D6	exon_2	
chr22	42129819	rs28371703	G>T	CYP2D6	exon_2	
chr22	42129821	rs267608309	G>A	CYP2D6	exon_2	
chr22	42129827	rs267608276	C>G	CYP2D6	exon_2	
chr22	42129836	rs267608310	G>A	CYP2D6	exon_2	
chr22	42129880	rs1477736084	G>T	CYP2D6	exon_2	
chr22	42129887	rs1456026511	A>C	CYP2D6	exon_2	
chr22	42129899	rs1415188318	C>T	CYP2D6	exon_2	
chr22	42129910	rs201377835	C>G	CYP2D6	intron_8	1
chr22	42130638	rs536109057	G>A	CYP2D6	exon_1	
chr22	42130654	rs774671100	C>CA	CYP2D6	exon_1	
chr22	42130667	rs118203758	C>T	CYP2D6	exon_1	
chr22	42130668	rs5030862	C>T	CYP2D6	exon_1	
chr22	42130670	rs373243894	G>A	CYP2D6	exon_1	
chr22	42130692	rs1065852	G>A	CYP2D6	exon_1	
chr22	42130710	rs138100349	G>A	CYP2D6	exon_1	
chr22	42130715	rs28371696	C>T	CYP2D6	exon_1	
chr22	42130719	rs267608313	G>A	CYP2D6	exon_1	
chr22	42130727	.	AG>A	CYP2D6	exon_1	
chr22	42130761	rs769258	C>T	CYP2D6	exon_1	
chr22	42130773	rs72549358	C>T	CYP2D6	exon_1	
chr22	42130778	rs773790593	G>A	CYP2D6	exon_1	
chr22	42130782	rs1240247139	C>CT	CYP2D6	exon_1	
chrX	154532046	.	A>C	G6PD	exon_13	
chrX	154532055	.	CTCT>C	G6PD	exon_13	
chrX	154532082	.	G>A	G6PD	exon_13	
chrX	154532083	.	G>A	G6PD	exon_13	
chrX	154532085	.	C>A	G6PD	exon_13	
chrX	154532086	.	C>T	G6PD	exon_13	
chrX	154532203	rs137852348	G>C	G6PD	exon_12	
chrX	154532231	.	T>G	G6PD	exon_12	
chrX	154532245	rs137852344	G>C	G6PD	exon_12	
chrX	154532257	rs72554664	C>T	G6PD	exon_12	
chrX	154532258	.	G>A,T	G6PD	exon_12	
chrX	154532264	rs782608284	C>T	G6PD	exon_12	
chrX	154532265	.	C>G	G6PD	exon_12	
chrX	154532269	rs72554665	C>A,G	G6PD	exon_12	
chrX	154532278	.	T>A	G6PD	exon_12	
chrX	154532279	.	C>G	G6PD	exon_12	
chrX	154532389	rs137852324	C>T	G6PD	exon_11	
chrX	154532390	rs398123546	G>A	G6PD	exon_11	
chrX	154532392	.	A>T	G6PD	exon_11	
chrX	154532403	.	C>G	G6PD	exon_11	
chrX	154532408	.	T>C	G6PD	exon_11	
chrX	154532411	rs137852317	C>T	G6PD	exon_11	
chrX	154532432	.	G>A	G6PD	exon_11	
chrX	154532434	rs137852337	C>G	G6PD	exon_11	
chrX	154532458	.	A>C	G6PD	exon_11	
chrX	154532459	rs782098548	C>T	G6PD	exon_11	
chrX	154532570	.	G>T	G6PD	exon_10	
chrX	154532590	.	G>C	G6PD	exon_10	
chrX	154532608	.	C>T	G6PD	exon_10	
chrX	154532623	.	T>C	G6PD	exon_10	
chrX	154532625	rs137852336	C>G,T	G6PD	exon_10	
chrX	154532626	rs137852323	C>A	G6PD	exon_10	
chrX	154532628	.	G>C	G6PD	exon_10	
chrX	154532629	.	G>A	G6PD	exon_10	
chrX	154532634	.	T>G	G6PD	exon_10	
chrX	154532639	.	C>T	G6PD	exon_10	
chrX	154532649	.	G>T	G6PD	exon_10	
chrX	154532661	.	T>C	G6PD	exon_10	
chrX	154532662	rs137852325	C>T	G6PD	exon_10	
chrX	154532667	.	G>A	G6PD	exon_10	
chrX	154532674	rs137852335	C>G	G6PD	exon_10	
chrX	154532676	rs137852316	C>T	G6PD	exon_10	
chrX	154532677	.	G>C	G6PD	exon_10	
chrX	154532679	.	A>G	G6PD	exon_10	
chrX	154532688	.	T>C	G6PD	exon_10	
chrX	154532692	.	T>C	G6PD	exon_10	
chrX	154532694	rs137852321	C>T	G6PD	exon_10	
chrX	154532695	rs137852334	G>A	G6PD	exon_10	
chrX	154532698	rs137852320	T>C	G6PD	exon_10	
chrX	154532699	.	G>C	G6PD	exon_10	
chrX	154532700	.	C>A	G6PD	exon_10	
chrX	154532701	rs137852322	A>G	G6PD	exon_10	
chrX	154532713	.	A>G	G6PD	exon_10	
chrX	154532715	.	A>G	G6PD	exon_10	
chrX	154532716	.	T>C	G6PD	exon_10	
chrX	154532722	rs371489738	C>T	G6PD	exon_10	
chrX	154532752	.	CGGCCTTGCGCTCGTTCAG>C	G6PD	exon_10	
chrX	154532758	.	T>C	G6PD	exon_10	
chrX	154532765	rs137852329	G>C,T	G6PD	exon_10	
chrX	154532772	rs137852345	G>A	G6PD	exon_10	
chrX	154532773	.	C>T	G6PD	exon_10	
chrX	154532797	rs137852333	G>A	G6PD	exon_10	
chrX	154532802	.	C>A	G6PD	exon_10	
chrX	154532945	rs34193178	C>G	G6PD	exon_9	
chrX	154532956	rs398123544	T>A	G6PD	exon_9	
chrX	154532969	rs137852342	G>A	G6PD	exon_9	
chrX	154532987	.	T>C	G6PD	exon_9	
chrX	154532989	.	G>T	G6PD	exon_9	
chrX	154532990	rs5030869	C>T	G6PD	exon_9	
chrX	154533004	.	C>T	G6PD	exon_9	
chrX	154533012	.	CGTGGGGTCGTCCAGGTACCCTTTG>C	G6PD	exon_9	
chrX	154533016	.	G>T	G6PD	exon_9	
chrX	154533025	rs76723693	A>G	G6PD	exon_9	
chrX	154533029	rs137852347	A>G	G6PD	exon_9	
chrX	154533031	.	C>T	G6PD	exon_9	
chrX	154533044	rs137852339	C>T	G6PD	exon_9	
chrX	154533064	.	C>T	G6PD	exon_9	
chrX	154533072	.	C>G	G6PD	exon_9	
chrX	154533077	.	C>T	G6PD	exon_9	
chrX	154533083	.	C>A	G6PD	exon_9	
chrX	154533122	rs137852327	C>T	G6PD	exon_9	
chrX	154533586	rs74575103	C>T	G6PD	exon_8	
chrX	154533587	.	G>A	G6PD	exon_8	
chrX	154533589	.	A>G	G6PD	exon_8	
chrX	154533591	.	G>T	G6PD	exon_8	
chrX	154533592	.	T>C	G6PD	exon_8	
chrX	154533596	rs137852318	C>A,G	G6PD	exon_8	
chrX	154533605	.	T>A,C	G6PD	exon_8	
chrX	154533607	.	G>A	G6PD	exon_8	
chrX	154533608	.	A>G	G6PD	exon_8	
chrX	154533614	.	G>A	G6PD	exon_8	
chrX	154533615	.	C>G	G6PD	exon_8	
chrX	154533619	.	T>A	G6PD	exon_8	
chrX	154533620	.	C>T	G6PD	exon_8	
chrX	154533629	.	C>G	G6PD	exon_8	
chrX	154533634	rs137852346	C>T	G6PD	exon_8	
chrX	154534036	.	G>C	G6PD	exon_7	
chrX	154534074	.	TCAGTGC>T	G6PD	exon_7	
chrX	154534092	.	T>C	G6PD	exon_7	
chrX	154534102	rs782757170	G>A	G6PD	exon_7	
chrX	154534110	.	C>T	G6PD	exon_7	
chrX	154534116	.	ATGT>A	G6PD	exon_7	
chrX	154534125	rs137852328	C>A,T	G6PD	exon_7	
chrX	154534126	.	G>A	G6PD	exon_7	
chrX	154534157	rs137852319	A>C	G6PD	exon_7	
chrX	154534345	rs137852326	C>A	G6PD	exon_6	
chrX	154534348	rs782754619	T>C	G6PD	exon_6	
chrX	154534387	rs781865768	T>C	G6PD	exon_6	
chrX	154534389	rs137852332	C>G,T	G6PD	exon_6	
chrX	154534390	rs137852330	G>A	G6PD	exon_6	
chrX	154534409	.	G>C	G6PD	exon_6	
chrX	154534414	.	GGGA>G	G6PD	exon_6	
chrX	154534419	rs5030868	G>A	G6PD	exon_6	
chrX	154534438	rs267606836	G>A	G6PD	exon_6	
chrX	154534440	rs5030872	T>A	G6PD	exon_6	
chrX	154534447	.	T>A	G6PD	exon_6	
chrX	154534455	.	T>C	G6PD	exon_6	
chrX	154534463	.	G>C	G6PD	exon_6	
chrX	154534465	rs137852343	A>G	G6PD	exon_6	
chrX	154534468	.	G>A	G6PD	exon_6	
chrX	154534485	.	C>T	G6PD	exon_6	
chrX	154534486	.	G>A	G6PD	exon_6	
chrX	154534489	rs137852331	T>C	G6PD	exon_6	
chrX	154534494	.	C>T	G6PD	exon_6	
chrX	154534495	rs137852314	C>T	G6PD	exon_6	
chrX	154535176	rs370918918	C>G	G6PD	exon_5	
chrX	154535180	rs782487723	C>T	G6PD	exon_5	
chrX	154535187	rs137852313	C>T	G6PD	exon_5	
chrX	154535190	.	G>C	G6PD	exon_5	
chrX	154535211	.	C>T	G6PD	exon_5	
chrX	154535244	.	G>A	G6PD	exon_5	
chrX	154535247	.	G>A	G6PD	exon_5	
chrX	154535249	rs782322505	T>G	G6PD	exon_5	
chrX	154535261	.	C>A	G6PD	exon_5	
chrX	154535269	.	G>A	G6PD	exon_5	
chrX	154535270	rs78365220	A>C,G	G6PD	exon_5	
chrX	154535274	.	C>A	G6PD	exon_5	
chrX	154535277	rs1050829	T>C	G6PD	exon_5	
chrX	154535278	.	C>A	G6PD	exon_5	
chrX	154535301	.	A>G	G6PD	exon_5	
chrX	154535316	rs5030870	C>T	G6PD	exon_5	
chrX	154535330	.	A>T	G6PD	exon_5	
chrX	154535336	rs267606835	G>C	G6PD	exon_5	
chrX	154535342	rs181277621	C>T	G6PD	exon_5	
chrX	154535367	.	GCTT>G	G6PD	exon_5	
chrX	154535379	.	G>A	G6PD	exon_5	
chrX	154535962	rs782308266	C>T	G6PD	exon_4	
chrX	154535963	rs138687036	G>A	G6PD	exon_4	
chrX	154535980	.	A>G	G6PD	exon_4	
chrX	154535995	rs782090947	T>C	G6PD	exon_4	
chrX	154535996	rs137852349	A>G	G6PD	exon_4	
chrX	154536002	rs1050828	C>T	G6PD	exon_4	
chrX	154536008	.	A>T	G6PD	exon_4	
chrX	154536019	.	G>A,T	G6PD	exon_4	
chrX	154536021	.	CAGA>C	G6PD	exon_4	
chrX	154536025	.	A>G	G6PD	exon_4	
chrX	154536032	rs137852315	C>T	G6PD	exon_4	
chrX	154536034	.	C>T	G6PD	exon_4	
chrX	154536035	.	G>A	G6PD	exon_4	
chrX	154536045	.	C>G	G6PD	exon_4	
chrX	154536151	.	G>A	G6PD	exon_3	
chrX	154536156	rs76645461	A>G	G6PD	exon_3	
chrX	154536168	rs78478128	G>C	G6PD	exon_3	
chrX	154536169	.	C>T	G6PD	exon_3	
chrX	154546045	rs137852338	CATG>C	G6PD	exon_2	
chrX	154546046	.	A>G	G6PD	exon_2	
chrX	154546057	.	T>C	G6PD	exon_2	
chrX	154546061	rs137852340	T>C	G6PD	exon_2	
chrX	154546116	.	C>T	G6PD	exon_2	
chrX	154546122	.	C>A	G6PD	exon_2	
chrX	154546131	.	G>A	G6PD	exon_2	
